applicant_id;name;email;phone
1;Customer;Taurean53@hotmail.com;974-226-5424
2;users Wyoming;Audie.Hermann69@hotmail.com;1-266-851-8558
3;Grocery systems envisioneer;Merle.Boyle@yahoo.com;204.374.3615
4;transform Chad services;Vaughn20@hotmail.com;(791) 370-0394 x989
5;Quality;John_Maggio99@gmail.com;624-501-6950 x113
6;connect Palau;Dewitt_Strosin24@yahoo.com;835.957.7949 x604
7;Iran input;Destany.Romaguera66@hotmail.com;1-872-599-0859 x207
8;e-commerce;Kaleb_Flatley83@gmail.com;531-837-2832 x447
9;Mississippi;Odie_Mante51@yahoo.com;290.913.8879
10;extensible Vista convergence;Renee87@hotmail.com;(904) 889-6848
