job_id;title;description;location;posted_date
1;Bedfordshire blue;killer Tactics iterate;innovate Kina;2023-07-27T16:02:50
2;Jersey Tennessee;productivity invoice Mission;Kids;2023-07-28T08:01:58
3;National leading-edge;GB Research input;conglomeration;2023-07-27T15:19:36
4;Associate Executive;Island;instruction Avon hierarchy;2023-07-27T16:33:45
5;utilisation Investment;Switzerland invoice grey;Steel best-of-breed copy;2023-07-27T15:01:55
6;bypass;National Kansas relationships;Frozen Handmade;2023-07-27T17:56:11
7;repurpose Berkshire;models;Kids Borders;2023-07-27T20:12:40
8;Turnpike;transmitter;bypassing e-business middleware;2023-07-27T20:51:37
9;Group firewall;connect hack;CSS;2023-07-27T20:17:50
10;Ergonomic;Azerbaijanian synergies digital;Cambridgeshire Helena zero;2023-07-28T04:39:58
