resume_id;title;content;submitted_date
1;bus;indexing optical;2023-08-01T05:55:24
2;Circle SSL payment;Virtual calculate Direct;2023-08-01T15:38:57
3;Table;Trace asymmetric;2023-08-01T14:09:18
4;(customarily Mouse Hawaii;Licensed database invoice;2023-08-01T09:45:57
5;Georgia Cedi white;Consultant;2023-08-01T22:50:22
6;Intelligent Diverse;Grocery overriding deposit;2023-08-01T22:57:33
7;recontextualize;Market Frozen;2023-08-01T15:45:52
8;Product Row payment;mobile;2023-08-01T16:39:48
9;Islands project Israel;Corners olive;2023-08-01T06:50:10
10;metrics;Tools Savings;2023-08-01T13:31:25
