id;name;email;phone;experience
1;Vincent;Domenico_Swaniawski57@yahoo.com;806.417.2565;Granite
2;green Coordinator;Mossie52@gmail.com;749-913-8977;Corporate District digital
3;IB;Wilfrid42@hotmail.com;1-661-399-5769;Configuration navigating
4;Chad;Manuela72@hotmail.com;960.302.1311;Pizza Kentucky moderator
5;Tuna Plaza;Tracey.Considine@gmail.com;(433) 336-4651;withdrawal
6;ivory Auto;Malachi.Kuhic39@hotmail.com;(209) 817-6399;system Bahamas web-enabled
7;24/7 Sudan;Jared.Larson58@gmail.com;(638) 340-1688 x80402;alarm engine payment
8;Monaco pink haptic;Susan.Price@yahoo.com;326-514-0336 x651;Ergonomic
9;Health Metal;Dallas.Gislason@hotmail.com;911.591.6110 x74250;Fork Rhode payment
10;capacitor;Rhett.Yost81@hotmail.com;1-508-750-3037;integrate secondary Steel
